/*
Navicat MySQL Data Transfer

Source Server         : 127.0.0.1
Source Server Version : 50716
Source Host           : localhost:3306
Source Database       : micro_magupe_dev

Target Server Type    : MYSQL
Target Server Version : 50716
File Encoding         : 65001

Date: 2018-11-26 09:28:59
*/

SET FOREIGN_KEY_CHECKS=0;

-- ----------------------------
-- Table structure for `cms_content`
-- ----------------------------
DROP TABLE IF EXISTS `cms_content`;
CREATE TABLE `cms_content` (
  `id` varchar(128) NOT NULL,
  `title` varchar(255) DEFAULT NULL COMMENT '标题',
  `slug` varchar(255) DEFAULT NULL,
  `content` text COMMENT '内容',
  `type` varchar(16) DEFAULT NULL COMMENT '类型',
  `tags` varchar(200) DEFAULT NULL COMMENT '标签',
  `categories` varchar(200) DEFAULT NULL COMMENT '分类',
  `hits` int(5) DEFAULT NULL,
  `comments_num` int(5) DEFAULT '0' COMMENT '评论数量',
  `allow_comment` int(1) DEFAULT '0' COMMENT '开启评论',
  `allow_ping` int(1) DEFAULT '0' COMMENT '允许ping',
  `allow_feed` int(1) DEFAULT '0' COMMENT '允许反馈',
  `status` int(1) DEFAULT NULL COMMENT '状态',
  `del_flag` tinyint(4) DEFAULT NULL COMMENT '是否删除  1：已删除  0：正常',
  `create_time` datetime DEFAULT NULL COMMENT '创建日期',
  `create_by` varchar(128) DEFAULT NULL COMMENT '创建者id',
  `modified_time` datetime DEFAULT NULL COMMENT '修改日期',
  `modified_by` varchar(128) DEFAULT NULL COMMENT '修改者id'
) ENGINE=InnoDB DEFAULT CHARSET=utf8;

-- ----------------------------
-- Records of cms_content
-- ----------------------------

-- ----------------------------
-- Table structure for `oauth_access_token`
-- ----------------------------
DROP TABLE IF EXISTS `oauth_access_token`;
CREATE TABLE `oauth_access_token` (
  `token_id` varchar(256) DEFAULT NULL,
  `token` blob,
  `authentication_id` varchar(128) NOT NULL,
  `user_name` varchar(256) DEFAULT NULL,
  `client_id` varchar(256) DEFAULT NULL,
  `authentication` blob,
  `refresh_token` varchar(256) DEFAULT NULL,
  PRIMARY KEY (`authentication_id`)
) ENGINE=InnoDB DEFAULT CHARSET=utf8;

-- ----------------------------
-- Records of oauth_access_token
-- ----------------------------
INSERT INTO `oauth_access_token` VALUES ('1ae55bdc898aad1d28f8f485679aa10b', 0xACED0005737200436F72672E737072696E676672616D65776F726B2E73656375726974792E6F61757468322E636F6D6D6F6E2E44656661756C744F4175746832416363657373546F6B656E0CB29E361B24FACE0200064C00156164646974696F6E616C496E666F726D6174696F6E74000F4C6A6176612F7574696C2F4D61703B4C000A65787069726174696F6E7400104C6A6176612F7574696C2F446174653B4C000C72656672657368546F6B656E74003F4C6F72672F737072696E676672616D65776F726B2F73656375726974792F6F61757468322F636F6D6D6F6E2F4F417574683252656672657368546F6B656E3B4C000573636F706574000F4C6A6176612F7574696C2F5365743B4C0009746F6B656E547970657400124C6A6176612F6C616E672F537472696E673B4C000576616C756571007E00057870737200176A6176612E7574696C2E4C696E6B6564486173684D617034C04E5C106CC0FB0200015A000B6163636573734F72646572787200116A6176612E7574696C2E486173684D61700507DAC1C31660D103000246000A6C6F6164466163746F724900097468726573686F6C6478703F4000000000000C7708000000100000000374000675736572496474000132740008757365726E616D6574000561646D696E7400036A746974002434623262346637312D336166332D343137382D623234312D36316436393862336365306578007372000E6A6176612E7574696C2E44617465686A81014B597419030000787077080000016740AE9068787372004C6F72672E737072696E676672616D65776F726B2E73656375726974792E6F61757468322E636F6D6D6F6E2E44656661756C744578706972696E674F417574683252656672657368546F6B656E2FDF47639DD0C9B70200014C000A65787069726174696F6E71007E0002787200446F72672E737072696E676672616D65776F726B2E73656375726974792E6F61757468322E636F6D6D6F6E2E44656661756C744F417574683252656672657368546F6B656E73E10E0A6354D45E0200014C000576616C756571007E000578707403CC65794A68624763694F694A49557A49314E694973496E523563434936496B705856434A392E65794A68645751694F6C736962576C6A636D38746257466E6458426C4C574631644767694C434A7461574E796279317459576431634755745932317A496C3073496E567A5A584A66626D46745A534936496D466B62576C754969776963324E76634755694F6C7369636D56685A434A644C434A6864476B694F694930596A4A694E4759334D53307A5957597A4C5451784E7A6774596A49304D5330324D5751324F5468694D324E6C4D4755694C434A6C654841694F6A45314E444D304F4455344E6A5573496E567A5A584A4A5A434936496A49694C434A686458526F62334A7064476C6C6379493657794A535430784658334A7662475536636D567462335A6C49697769556B394D525639745A5735314F6D4A6864474E6F556D567462335A6C49697769556B394D525639796232786C4F6D4A6864474E6F556D567462335A6C49697769556B394D52563931633256794F6D466B5A434973496C4A505445566664584E6C636A70795A573176646D55694C434A53543078465832526C634851365A57527064434973496C4A5054455666636D39735A54707361584E3049697769556B394D52563931633256794F6D7870633351694C434A53543078465832526C63485136636D567462335A6C49697769556B394D5256396B5A5842304F6D7870633351694C434A53543078465832316C626E5536636D567462335A6C49697769556B394D525639796232786C4F6D466B5A434973496C4A505445566664584E6C636A70795A584E6C644642335A434973496C4A5054455666625756756454706C5A476C3049697769556B394D525639796232786C4F6D566B615851694C434A53543078465832316C626E55365957526B49697769556B394D52563931633256794F6D566B615851694C434A53543078465833567A5A584936596D4630593268535A573176646D55694C434A53543078465833567A5A5849365A476C7A59574A735A534973496C4A50544556665A475677644470685A4751694C434A53543078465832316C626E553662476C7A64434A644C434A7164476B694F6949304D6D4E6C4D7A6B794F5330784D6A5A6B4C545131596A67744F444D7759793033595441774D6A4D784E7A4E6D4D6A63694C434A6A62476C6C626E5266615751694F694A6A62476C6C626E526662576C6A636D39666257466E6458426C5833526C633351694C434A3163325679626D46745A534936496D466B62576C75496E302E67654837526A575654743655485630437377797851516B4364414E62726D39652D6171754135733773326B7371007E00107708000001675EED3C8878737200256A6176612E7574696C2E436F6C6C656374696F6E7324556E6D6F6469666961626C65536574801D92D18F9B80550200007872002C6A6176612E7574696C2E436F6C6C656374696F6E7324556E6D6F6469666961626C65436F6C6C656374696F6E19420080CB5EF71E0200014C0001637400164C6A6176612F7574696C2F436F6C6C656374696F6E3B7870737200176A6176612E7574696C2E4C696E6B656448617368536574D86CD75A95DD2A1E020000787200116A6176612E7574696C2E48617368536574BA44859596B8B7340300007870770C000000023F40000000000001740004726561647874000662656172657274039065794A68624763694F694A49557A49314E694973496E523563434936496B705856434A392E65794A68645751694F6C736962576C6A636D38746257466E6458426C4C574631644767694C434A7461574E796279317459576431634755745932317A496C3073496E567A5A584A66626D46745A534936496D466B62576C754969776963324E76634755694F6C7369636D56685A434A644C434A6C654841694F6A45314E4449354E7A67304E444573496E567A5A584A4A5A434936496A49694C434A686458526F62334A7064476C6C6379493657794A535430784658334A7662475536636D567462335A6C49697769556B394D525639745A5735314F6D4A6864474E6F556D567462335A6C49697769556B394D525639796232786C4F6D4A6864474E6F556D567462335A6C49697769556B394D52563931633256794F6D466B5A434973496C4A505445566664584E6C636A70795A573176646D55694C434A53543078465832526C634851365A57527064434973496C4A5054455666636D39735A54707361584E3049697769556B394D52563931633256794F6D7870633351694C434A53543078465832526C63485136636D567462335A6C49697769556B394D5256396B5A5842304F6D7870633351694C434A53543078465832316C626E5536636D567462335A6C49697769556B394D525639796232786C4F6D466B5A434973496C4A505445566664584E6C636A70795A584E6C644642335A434973496C4A5054455666625756756454706C5A476C3049697769556B394D525639796232786C4F6D566B615851694C434A53543078465832316C626E55365957526B49697769556B394D52563931633256794F6D566B615851694C434A53543078465833567A5A584936596D4630593268535A573176646D55694C434A53543078465833567A5A5849365A476C7A59574A735A534973496C4A50544556665A475677644470685A4751694C434A53543078465832316C626E553662476C7A64434A644C434A7164476B694F694930596A4A694E4759334D53307A5957597A4C5451784E7A6774596A49304D5330324D5751324F5468694D324E6C4D4755694C434A6A62476C6C626E5266615751694F694A6A62476C6C626E526662576C6A636D39666257466E6458426C5833526C633351694C434A3163325679626D46745A534936496D466B62576C75496E302E353343684664775068375855725072573057427546476F546562492D5462635141676752566A5A4F564438, '00c67ac3964eb24a40ac3bc75734264f', 'admin', 'client_micro_magupe_test', 0xACED0005737200416F72672E737072696E676672616D65776F726B2E73656375726974792E6F61757468322E70726F76696465722E4F417574683241757468656E7469636174696F6EBD400B02166252130200024C000D73746F7265645265717565737474003C4C6F72672F737072696E676672616D65776F726B2F73656375726974792F6F61757468322F70726F76696465722F4F4175746832526571756573743B4C00127573657241757468656E7469636174696F6E7400324C6F72672F737072696E676672616D65776F726B2F73656375726974792F636F72652F41757468656E7469636174696F6E3B787200476F72672E737072696E676672616D65776F726B2E73656375726974792E61757468656E7469636174696F6E2E416273747261637441757468656E7469636174696F6E546F6B656ED3AA287E6E47640E0200035A000D61757468656E746963617465644C000B617574686F7269746965737400164C6A6176612F7574696C2F436F6C6C656374696F6E3B4C000764657461696C737400124C6A6176612F6C616E672F4F626A6563743B787000737200266A6176612E7574696C2E436F6C6C656374696F6E7324556E6D6F6469666961626C654C697374FC0F2531B5EC8E100200014C00046C6973747400104C6A6176612F7574696C2F4C6973743B7872002C6A6176612E7574696C2E436F6C6C656374696F6E7324556E6D6F6469666961626C65436F6C6C656374696F6E19420080CB5EF71E0200014C00016371007E00047870737200136A6176612E7574696C2E41727261794C6973747881D21D99C7619D03000149000473697A65787000000015770400000015737200426F72672E737072696E676672616D65776F726B2E73656375726974792E636F72652E617574686F726974792E53696D706C654772616E746564417574686F7269747900000000000001A40200014C0004726F6C657400124C6A6176612F6C616E672F537472696E673B787074000D524F4C455F646570743A6164647371007E000D74000E524F4C455F646570743A656469747371007E000D74000E524F4C455F646570743A6C6973747371007E000D740010524F4C455F646570743A72656D6F76657371007E000D74000D524F4C455F6D656E753A6164647371007E000D740015524F4C455F6D656E753A626174636852656D6F76657371007E000D74000E524F4C455F6D656E753A656469747371007E000D74000E524F4C455F6D656E753A6C6973747371007E000D740010524F4C455F6D656E753A72656D6F76657371007E000D74000D524F4C455F726F6C653A6164647371007E000D740015524F4C455F726F6C653A626174636852656D6F76657371007E000D74000E524F4C455F726F6C653A656469747371007E000D74000E524F4C455F726F6C653A6C6973747371007E000D740010524F4C455F726F6C653A72656D6F76657371007E000D74000D524F4C455F757365723A6164647371007E000D740015524F4C455F757365723A626174636852656D6F76657371007E000D740011524F4C455F757365723A64697361626C657371007E000D74000E524F4C455F757365723A656469747371007E000D74000E524F4C455F757365723A6C6973747371007E000D740010524F4C455F757365723A72656D6F76657371007E000D740012524F4C455F757365723A72657365745077647871007E000C707372003A6F72672E737072696E676672616D65776F726B2E73656375726974792E6F61757468322E70726F76696465722E4F41757468325265717565737400000000000000010200075A0008617070726F7665644C000B617574686F72697469657371007E00044C000A657874656E73696F6E7374000F4C6A6176612F7574696C2F4D61703B4C000B726564697265637455726971007E000E4C00077265667265736874003B4C6F72672F737072696E676672616D65776F726B2F73656375726974792F6F61757468322F70726F76696465722F546F6B656E526571756573743B4C000B7265736F7572636549647374000F4C6A6176612F7574696C2F5365743B4C000D726573706F6E7365547970657371007E003C787200386F72672E737072696E676672616D65776F726B2E73656375726974792E6F61757468322E70726F76696465722E426173655265717565737436287A3EA37169BD0200034C0008636C69656E74496471007E000E4C001172657175657374506172616D657465727371007E003A4C000573636F706571007E003C7870740018636C69656E745F6D6963726F5F6D61677570655F74657374737200256A6176612E7574696C2E436F6C6C656374696F6E7324556E6D6F6469666961626C654D6170F1A5A8FE74F507420200014C00016D71007E003A7870737200116A6176612E7574696C2E486173684D61700507DAC1C31660D103000246000A6C6F6164466163746F724900097468726573686F6C6478703F400000000000067708000000080000000474000A6772616E745F7479706574000870617373776F7264740009636C69656E745F6964740018636C69656E745F6D6963726F5F6D61677570655F7465737474000573636F706574000472656164740008757365726E616D6574000561646D696E78737200256A6176612E7574696C2E436F6C6C656374696F6E7324556E6D6F6469666961626C65536574801D92D18F9B80550200007871007E0009737200176A6176612E7574696C2E4C696E6B656448617368536574D86CD75A95DD2A1E020000787200116A6176612E7574696C2E48617368536574BA44859596B8B7340300007870770C000000103F4000000000000171007E004978017371007E004F770C000000103F40000000000000787371007E00423F40000000000000770800000010000000007870707371007E004F770C000000103F400000000000027400116D6963726F2D6D61677570652D617574687400106D6963726F2D6D61677570652D636D73787371007E004F770C000000103F40000000000000787372004F6F72672E737072696E676672616D65776F726B2E73656375726974792E61757468656E7469636174696F6E2E557365726E616D6550617373776F726441757468656E7469636174696F6E546F6B656E00000000000001A40200024C000B63726564656E7469616C7371007E00054C00097072696E636970616C71007E00057871007E0003017371007E00077371007E000B0000001577040000001571007E000F71007E001171007E001371007E001571007E001771007E001971007E001B71007E001D71007E001F71007E002171007E002371007E002571007E002771007E002971007E002B71007E002D71007E002F71007E003171007E003371007E003571007E00377871007E005A737200176A6176612E7574696C2E4C696E6B6564486173684D617034C04E5C106CC0FB0200015A000B6163636573734F726465727871007E00423F4000000000000C7708000000100000000571007E004471007E004571007E004871007E004974000D636C69656E745F73656372657474000638383032303471007E004671007E004771007E004A71007E004B78007073720028636F6D2E6D6963726F2E6D61677570652E617574682E766F2E5573657244657461696C73496D706C000000000000000102000A5A00116163636F756E744E6F6E457870697265645A00106163636F756E744E6F6E4C6F636B65645A001563726564656E7469616C734E6F6E457870697265645A0007656E61626C65644C000B617574686F72697469657371007E003C4C0008636C69656E74496471007E000E4C0002696471007E000E4C00046E616D6571007E000E4C000870617373776F726471007E000E4C0008757365726E616D6571007E000E7870010101017371007E004C737200116A6176612E7574696C2E54726565536574DD98509395ED875B03000078707372003C636F6D2E6D6963726F2E6D61677570652E617574682E766F2E5573657244657461696C73496D706C24417574686F72697479436F6D70617261746F7200000000000001A4020000787077040000001571007E000F71007E001171007E001371007E001571007E001771007E001971007E001B71007E001D71007E001F71007E002171007E002371007E002571007E002771007E002971007E002B71007E002D71007E002F71007E003171007E003371007E003571007E0037787074000132740009E7AEA1E79086E5919874000638383032303474000561646D696E, 'ce122253742c568512bf425befa83da5');

-- ----------------------------
-- Table structure for `oauth_approvals`
-- ----------------------------
DROP TABLE IF EXISTS `oauth_approvals`;
CREATE TABLE `oauth_approvals` (
  `userId` varchar(256) DEFAULT NULL,
  `clientId` varchar(256) DEFAULT NULL,
  `scope` varchar(256) DEFAULT NULL,
  `status` varchar(10) DEFAULT NULL,
  `expiresAt` datetime DEFAULT NULL,
  `lastModifiedAt` datetime DEFAULT NULL
) ENGINE=InnoDB DEFAULT CHARSET=utf8;

-- ----------------------------
-- Records of oauth_approvals
-- ----------------------------

-- ----------------------------
-- Table structure for `oauth_client_details`
-- ----------------------------
DROP TABLE IF EXISTS `oauth_client_details`;
CREATE TABLE `oauth_client_details` (
  `client_id` varchar(128) NOT NULL,
  `resource_ids` varchar(256) DEFAULT NULL,
  `client_secret` varchar(256) DEFAULT NULL,
  `scope` varchar(256) DEFAULT NULL,
  `authorized_grant_types` varchar(256) DEFAULT NULL,
  `web_server_redirect_uri` varchar(256) DEFAULT NULL,
  `authorities` varchar(256) DEFAULT NULL,
  `access_token_validity` int(11) DEFAULT NULL,
  `refresh_token_validity` int(11) DEFAULT NULL,
  `additional_information` varchar(4096) DEFAULT NULL,
  `autoapprove` varchar(256) DEFAULT NULL,
  PRIMARY KEY (`client_id`)
) ENGINE=InnoDB DEFAULT CHARSET=utf8;

-- ----------------------------
-- Records of oauth_client_details
-- ----------------------------
INSERT INTO `oauth_client_details` VALUES ('client_micro_magupe_test', 'micro-magupe-auth,micro-magupe-cms', '880204', 'read,write,update,delete', 'password,authorization_code,client_credentials,implicit,refresh_token', null, null, null, null, null, null);

-- ----------------------------
-- Table structure for `oauth_client_token`
-- ----------------------------
DROP TABLE IF EXISTS `oauth_client_token`;
CREATE TABLE `oauth_client_token` (
  `token_id` varchar(256) DEFAULT NULL,
  `token` blob,
  `authentication_id` varchar(128) NOT NULL,
  `user_name` varchar(256) DEFAULT NULL,
  `client_id` varchar(256) DEFAULT NULL,
  PRIMARY KEY (`authentication_id`)
) ENGINE=InnoDB DEFAULT CHARSET=utf8;

-- ----------------------------
-- Records of oauth_client_token
-- ----------------------------

-- ----------------------------
-- Table structure for `oauth_code`
-- ----------------------------
DROP TABLE IF EXISTS `oauth_code`;
CREATE TABLE `oauth_code` (
  `code` varchar(256) DEFAULT NULL,
  `authentication` blob
) ENGINE=InnoDB DEFAULT CHARSET=utf8;

-- ----------------------------
-- Records of oauth_code
-- ----------------------------

-- ----------------------------
-- Table structure for `oauth_refresh_token`
-- ----------------------------
DROP TABLE IF EXISTS `oauth_refresh_token`;
CREATE TABLE `oauth_refresh_token` (
  `token_id` varchar(256) DEFAULT NULL,
  `token` blob,
  `authentication` blob
) ENGINE=InnoDB DEFAULT CHARSET=utf8;

-- ----------------------------
-- Records of oauth_refresh_token
-- ----------------------------
INSERT INTO `oauth_refresh_token` VALUES ('ce122253742c568512bf425befa83da5', 0xACED00057372004C6F72672E737072696E676672616D65776F726B2E73656375726974792E6F61757468322E636F6D6D6F6E2E44656661756C744578706972696E674F417574683252656672657368546F6B656E2FDF47639DD0C9B70200014C000A65787069726174696F6E7400104C6A6176612F7574696C2F446174653B787200446F72672E737072696E676672616D65776F726B2E73656375726974792E6F61757468322E636F6D6D6F6E2E44656661756C744F417574683252656672657368546F6B656E73E10E0A6354D45E0200014C000576616C75657400124C6A6176612F6C616E672F537472696E673B78707403CC65794A68624763694F694A49557A49314E694973496E523563434936496B705856434A392E65794A68645751694F6C736962576C6A636D38746257466E6458426C4C574631644767694C434A7461574E796279317459576431634755745932317A496C3073496E567A5A584A66626D46745A534936496D466B62576C754969776963324E76634755694F6C7369636D56685A434A644C434A6864476B694F694930596A4A694E4759334D53307A5957597A4C5451784E7A6774596A49304D5330324D5751324F5468694D324E6C4D4755694C434A6C654841694F6A45314E444D304F4455344E6A5573496E567A5A584A4A5A434936496A49694C434A686458526F62334A7064476C6C6379493657794A535430784658334A7662475536636D567462335A6C49697769556B394D525639745A5735314F6D4A6864474E6F556D567462335A6C49697769556B394D525639796232786C4F6D4A6864474E6F556D567462335A6C49697769556B394D52563931633256794F6D466B5A434973496C4A505445566664584E6C636A70795A573176646D55694C434A53543078465832526C634851365A57527064434973496C4A5054455666636D39735A54707361584E3049697769556B394D52563931633256794F6D7870633351694C434A53543078465832526C63485136636D567462335A6C49697769556B394D5256396B5A5842304F6D7870633351694C434A53543078465832316C626E5536636D567462335A6C49697769556B394D525639796232786C4F6D466B5A434973496C4A505445566664584E6C636A70795A584E6C644642335A434973496C4A5054455666625756756454706C5A476C3049697769556B394D525639796232786C4F6D566B615851694C434A53543078465832316C626E55365957526B49697769556B394D52563931633256794F6D566B615851694C434A53543078465833567A5A584936596D4630593268535A573176646D55694C434A53543078465833567A5A5849365A476C7A59574A735A534973496C4A50544556665A475677644470685A4751694C434A53543078465832316C626E553662476C7A64434A644C434A7164476B694F6949304D6D4E6C4D7A6B794F5330784D6A5A6B4C545131596A67744F444D7759793033595441774D6A4D784E7A4E6D4D6A63694C434A6A62476C6C626E5266615751694F694A6A62476C6C626E526662576C6A636D39666257466E6458426C5833526C633351694C434A3163325679626D46745A534936496D466B62576C75496E302E67654837526A575654743655485630437377797851516B4364414E62726D39652D6171754135733773326B7372000E6A6176612E7574696C2E44617465686A81014B59741903000078707708000001675EED3C8878, 0xACED0005737200416F72672E737072696E676672616D65776F726B2E73656375726974792E6F61757468322E70726F76696465722E4F417574683241757468656E7469636174696F6EBD400B02166252130200024C000D73746F7265645265717565737474003C4C6F72672F737072696E676672616D65776F726B2F73656375726974792F6F61757468322F70726F76696465722F4F4175746832526571756573743B4C00127573657241757468656E7469636174696F6E7400324C6F72672F737072696E676672616D65776F726B2F73656375726974792F636F72652F41757468656E7469636174696F6E3B787200476F72672E737072696E676672616D65776F726B2E73656375726974792E61757468656E7469636174696F6E2E416273747261637441757468656E7469636174696F6E546F6B656ED3AA287E6E47640E0200035A000D61757468656E746963617465644C000B617574686F7269746965737400164C6A6176612F7574696C2F436F6C6C656374696F6E3B4C000764657461696C737400124C6A6176612F6C616E672F4F626A6563743B787000737200266A6176612E7574696C2E436F6C6C656374696F6E7324556E6D6F6469666961626C654C697374FC0F2531B5EC8E100200014C00046C6973747400104C6A6176612F7574696C2F4C6973743B7872002C6A6176612E7574696C2E436F6C6C656374696F6E7324556E6D6F6469666961626C65436F6C6C656374696F6E19420080CB5EF71E0200014C00016371007E00047870737200136A6176612E7574696C2E41727261794C6973747881D21D99C7619D03000149000473697A65787000000015770400000015737200426F72672E737072696E676672616D65776F726B2E73656375726974792E636F72652E617574686F726974792E53696D706C654772616E746564417574686F7269747900000000000001A40200014C0004726F6C657400124C6A6176612F6C616E672F537472696E673B787074000D524F4C455F646570743A6164647371007E000D74000E524F4C455F646570743A656469747371007E000D74000E524F4C455F646570743A6C6973747371007E000D740010524F4C455F646570743A72656D6F76657371007E000D74000D524F4C455F6D656E753A6164647371007E000D740015524F4C455F6D656E753A626174636852656D6F76657371007E000D74000E524F4C455F6D656E753A656469747371007E000D74000E524F4C455F6D656E753A6C6973747371007E000D740010524F4C455F6D656E753A72656D6F76657371007E000D74000D524F4C455F726F6C653A6164647371007E000D740015524F4C455F726F6C653A626174636852656D6F76657371007E000D74000E524F4C455F726F6C653A656469747371007E000D74000E524F4C455F726F6C653A6C6973747371007E000D740010524F4C455F726F6C653A72656D6F76657371007E000D74000D524F4C455F757365723A6164647371007E000D740015524F4C455F757365723A626174636852656D6F76657371007E000D740011524F4C455F757365723A64697361626C657371007E000D74000E524F4C455F757365723A656469747371007E000D74000E524F4C455F757365723A6C6973747371007E000D740010524F4C455F757365723A72656D6F76657371007E000D740012524F4C455F757365723A72657365745077647871007E000C707372003A6F72672E737072696E676672616D65776F726B2E73656375726974792E6F61757468322E70726F76696465722E4F41757468325265717565737400000000000000010200075A0008617070726F7665644C000B617574686F72697469657371007E00044C000A657874656E73696F6E7374000F4C6A6176612F7574696C2F4D61703B4C000B726564697265637455726971007E000E4C00077265667265736874003B4C6F72672F737072696E676672616D65776F726B2F73656375726974792F6F61757468322F70726F76696465722F546F6B656E526571756573743B4C000B7265736F7572636549647374000F4C6A6176612F7574696C2F5365743B4C000D726573706F6E7365547970657371007E003C787200386F72672E737072696E676672616D65776F726B2E73656375726974792E6F61757468322E70726F76696465722E426173655265717565737436287A3EA37169BD0200034C0008636C69656E74496471007E000E4C001172657175657374506172616D657465727371007E003A4C000573636F706571007E003C7870740018636C69656E745F6D6963726F5F6D61677570655F74657374737200256A6176612E7574696C2E436F6C6C656374696F6E7324556E6D6F6469666961626C654D6170F1A5A8FE74F507420200014C00016D71007E003A7870737200116A6176612E7574696C2E486173684D61700507DAC1C31660D103000246000A6C6F6164466163746F724900097468726573686F6C6478703F400000000000067708000000080000000474000A6772616E745F7479706574000870617373776F7264740009636C69656E745F6964740018636C69656E745F6D6963726F5F6D61677570655F7465737474000573636F706574000472656164740008757365726E616D6574000561646D696E78737200256A6176612E7574696C2E436F6C6C656374696F6E7324556E6D6F6469666961626C65536574801D92D18F9B80550200007871007E0009737200176A6176612E7574696C2E4C696E6B656448617368536574D86CD75A95DD2A1E020000787200116A6176612E7574696C2E48617368536574BA44859596B8B7340300007870770C000000103F4000000000000171007E004978017371007E004F770C000000103F40000000000000787371007E00423F40000000000000770800000010000000007870707371007E004F770C000000103F400000000000027400116D6963726F2D6D61677570652D617574687400106D6963726F2D6D61677570652D636D73787371007E004F770C000000103F40000000000000787372004F6F72672E737072696E676672616D65776F726B2E73656375726974792E61757468656E7469636174696F6E2E557365726E616D6550617373776F726441757468656E7469636174696F6E546F6B656E00000000000001A40200024C000B63726564656E7469616C7371007E00054C00097072696E636970616C71007E00057871007E0003017371007E00077371007E000B0000001577040000001571007E000F71007E001171007E001371007E001571007E001771007E001971007E001B71007E001D71007E001F71007E002171007E002371007E002571007E002771007E002971007E002B71007E002D71007E002F71007E003171007E003371007E003571007E00377871007E005A737200176A6176612E7574696C2E4C696E6B6564486173684D617034C04E5C106CC0FB0200015A000B6163636573734F726465727871007E00423F4000000000000C7708000000100000000571007E004471007E004571007E004871007E004974000D636C69656E745F73656372657474000638383032303471007E004671007E004771007E004A71007E004B78007073720028636F6D2E6D6963726F2E6D61677570652E617574682E766F2E5573657244657461696C73496D706C000000000000000102000A5A00116163636F756E744E6F6E457870697265645A00106163636F756E744E6F6E4C6F636B65645A001563726564656E7469616C734E6F6E457870697265645A0007656E61626C65644C000B617574686F72697469657371007E003C4C0008636C69656E74496471007E000E4C0002696471007E000E4C00046E616D6571007E000E4C000870617373776F726471007E000E4C0008757365726E616D6571007E000E7870010101017371007E004C737200116A6176612E7574696C2E54726565536574DD98509395ED875B03000078707372003C636F6D2E6D6963726F2E6D61677570652E617574682E766F2E5573657244657461696C73496D706C24417574686F72697479436F6D70617261746F7200000000000001A4020000787077040000001571007E000F71007E001171007E001371007E001571007E001771007E001971007E001B71007E001D71007E001F71007E002171007E002371007E002571007E002771007E002971007E002B71007E002D71007E002F71007E003171007E003371007E003571007E0037787074000132740009E7AEA1E79086E5919874000638383032303474000561646D696E);

-- ----------------------------
-- Table structure for `sys_dept`
-- ----------------------------
DROP TABLE IF EXISTS `sys_dept`;
CREATE TABLE `sys_dept` (
  `id` varchar(128) NOT NULL,
  `parent_id` varchar(128) DEFAULT NULL COMMENT '上级部门ID，一级部门为0',
  `name` varchar(50) DEFAULT NULL COMMENT '部门名称',
  `order_num` int(11) DEFAULT NULL COMMENT '排序',
  `del_flag` tinyint(4) DEFAULT NULL COMMENT '是否删除  1：已删除  0：正常',
  `create_time` datetime DEFAULT NULL COMMENT '创建日期',
  `create_by` varchar(128) DEFAULT NULL COMMENT '创建者id',
  `modified_time` datetime DEFAULT NULL COMMENT '修改日期',
  `modified_by` varchar(128) DEFAULT NULL COMMENT '修改者id'
) ENGINE=InnoDB DEFAULT CHARSET=utf8 COMMENT='部门管理';

-- ----------------------------
-- Records of sys_dept
-- ----------------------------
INSERT INTO `sys_dept` VALUES ('1', '0', '信息管理部', '1', '0', '2017-08-12 00:43:52', '', '2017-08-12 19:14:59', '');
INSERT INTO `sys_dept` VALUES ('2', '0', '集团服务部', '2', '0', '2017-08-12 00:43:52', null, '2017-08-12 00:43:52', null);
INSERT INTO `sys_dept` VALUES ('3', '0', '财务部', '3', '0', '2017-08-12 00:43:52', null, '2017-08-12 00:43:52', null);
INSERT INTO `sys_dept` VALUES ('4', '0', '人事部', '4', '0', '2017-08-12 00:43:52', null, '2017-08-12 00:43:52', null);
INSERT INTO `sys_dept` VALUES ('5', '1', '数据部', '1', '0', null, null, null, null);
INSERT INTO `sys_dept` VALUES ('22649f7d3643451e99b0af59a9683d75', '0', '协同部', '7', '0', '2017-08-12 00:43:52', null, '2017-08-12 00:43:52', null);
INSERT INTO `sys_dept` VALUES ('75389e21ff2a43d9822f421d2f0c203f', '0', '科技部', '8', '0', null, null, null, null);
INSERT INTO `sys_dept` VALUES ('33e5d589165f49ca87ffeb23ca21589b', '1', '架构部', '2', '0', null, null, null, null);

-- ----------------------------
-- Table structure for `sys_menu`
-- ----------------------------
DROP TABLE IF EXISTS `sys_menu`;
CREATE TABLE `sys_menu` (
  `id` varchar(128) NOT NULL,
  `parent_id` varchar(128) DEFAULT NULL COMMENT '父菜单ID，一级菜单为0',
  `name` varchar(50) DEFAULT NULL COMMENT '菜单名称',
  `url` varchar(200) DEFAULT NULL COMMENT '菜单URL',
  `perms` varchar(500) DEFAULT NULL COMMENT '授权(多个用逗号分隔，如：user:list,user:create)',
  `type` int(11) DEFAULT NULL COMMENT '类型   0：目录   1：菜单   2：按钮',
  `icon` varchar(50) DEFAULT NULL COMMENT '菜单图标',
  `order_num` int(11) DEFAULT NULL COMMENT '排序',
  `del_flag` tinyint(4) DEFAULT NULL COMMENT '是否删除  1：已删除  0：正常',
  `create_time` datetime DEFAULT NULL COMMENT '创建日期',
  `create_by` varchar(128) DEFAULT NULL COMMENT '创建者id',
  `modified_time` datetime DEFAULT NULL COMMENT '修改日期',
  `modified_by` varchar(128) DEFAULT NULL COMMENT '修改者id'
) ENGINE=InnoDB DEFAULT CHARSET=utf8 COMMENT='菜单管理';

-- ----------------------------
-- Records of sys_menu
-- ----------------------------
INSERT INTO `sys_menu` VALUES ('1', '0', '系统管理', null, null, '0', 'fa fa-desktop fa-fw', '1', '0', '2017-08-14 11:00:26', '', '2017-08-14 11:00:26', '');
INSERT INTO `sys_menu` VALUES ('2', '1', '菜单管理', 'sys/menu/', 'menu:list', '1', 'fa fa-th-list', '2', '0', '2017-08-14 11:00:26', '', '2017-08-14 11:00:26', '');
INSERT INTO `sys_menu` VALUES ('3', '2', '新增', '', 'menu:add', '2', '', '0', '0', '2017-08-14 11:00:26', '', '2017-08-14 11:00:26', '');
INSERT INTO `sys_menu` VALUES ('4', '2', '编辑', '', 'menu:edit', '2', '', '0', '0', '2017-08-14 11:00:26', '', '2017-08-14 11:00:26', '');
INSERT INTO `sys_menu` VALUES ('5', '2', '删除', '', 'menu:remove', '2', '', '0', '0', '2017-08-14 11:00:26', '', '2017-08-14 11:00:26', '');
INSERT INTO `sys_menu` VALUES ('6', '2', '批量删除', '', 'menu:batchRemove', '2', null, null, '0', '2017-08-14 11:00:26', '', '2017-08-14 11:00:26', '');
INSERT INTO `sys_menu` VALUES ('7', '1', '用户管理', 'sys/user/', 'user:list', '1', 'fa fa-user', '0', '0', '2017-08-14 11:00:26', '', '2017-08-14 11:00:26', '');
INSERT INTO `sys_menu` VALUES ('8', '7', '新增', '', 'user:add', '2', '', '0', '0', '2017-08-14 11:00:26', '', '2017-08-14 11:00:26', '');
INSERT INTO `sys_menu` VALUES ('9', '7', '编辑', '', 'user:edit', '2', '', '0', '0', '2017-08-14 11:00:26', '', '2017-08-14 11:00:26', '');
INSERT INTO `sys_menu` VALUES ('10', '7', '删除', null, 'user:remove', '2', null, '0', '0', '2017-08-14 11:00:26', '', '2017-08-14 11:00:26', '');
INSERT INTO `sys_menu` VALUES ('11', '7', '批量删除', '', 'user:batchRemove', '2', '', '0', '0', '2017-08-14 11:00:26', '', '2017-08-14 11:00:26', '');
INSERT INTO `sys_menu` VALUES ('12', '7', '停用', null, 'user:disable', '2', null, '0', '0', '2017-08-14 11:00:26', '', '2017-08-14 11:00:26', '');
INSERT INTO `sys_menu` VALUES ('13', '7', '重置密码', '', 'user:resetPwd', '2', '', '0', '0', '2017-08-14 11:00:26', '', '2017-08-14 11:00:26', '');
INSERT INTO `sys_menu` VALUES ('14', '1', '角色管理', 'sys/role', 'role:list', '1', 'fa fa-paw', '1', '0', '2017-08-14 11:00:26', '', '2017-08-14 11:00:26', '');
INSERT INTO `sys_menu` VALUES ('15', '14', '新增', '', 'role:add', '2', '', '0', '0', '2017-08-14 11:00:26', '', '2017-08-14 11:00:26', '');
INSERT INTO `sys_menu` VALUES ('16', '14', '编辑', '', 'role:edit', '2', '', null, '0', '2017-08-14 11:00:26', '', '2017-08-14 11:00:26', '');
INSERT INTO `sys_menu` VALUES ('17', '14', '删除', '', 'role:remove', '2', null, null, '0', '2017-08-14 11:00:26', '', '2017-08-14 11:00:26', '');
INSERT INTO `sys_menu` VALUES ('18', '14', '批量删除', '', 'role:batchRemove', '2', null, null, '0', '2017-08-14 11:00:26', '', '2017-08-14 11:00:26', '');
INSERT INTO `sys_menu` VALUES ('19', '1', '部门管理', '/system/sysDept', 'dept:list', '1', 'fa fa-users', '3', '0', '2017-08-14 11:00:26', '', '2017-08-14 11:00:26', '');
INSERT INTO `sys_menu` VALUES ('20', '19', '增加', '/system/sysDept/add', 'dept:add', '2', null, '1', '0', '2017-08-14 11:00:26', '', '2017-08-14 11:00:26', '');
INSERT INTO `sys_menu` VALUES ('21', '19', '刪除', 'system/sysDept/remove', 'dept:remove', '2', null, '2', '0', '2017-08-14 11:00:26', '', '2017-08-14 11:00:26', '');
INSERT INTO `sys_menu` VALUES ('22', '19', '编辑', '/system/sysDept/edit', 'dept:edit', '2', null, '3', '0', '2017-08-14 11:00:26', '', '2017-08-14 11:00:26', '');
INSERT INTO `sys_menu` VALUES ('c53a6985d41249bd9967e5a8b7cf2273', '0', '系统监控', '', '', '0', 'fa fa-bar-chart fa-fw', '2', '0', null, null, null, null);
INSERT INTO `sys_menu` VALUES ('39bdf145cf1e4fddb79b65a9213e7975', 'c53a6985d41249bd9967e5a8b7cf2273', '服务监控', '', '', '1', 'fa fa-server fa-fw', null, '0', null, null, null, null);
INSERT INTO `sys_menu` VALUES ('ea7a48e053b8487ab9a6750ae1a11c43', 'c53a6985d41249bd9967e5a8b7cf2273', '日志监控', '', '', '1', 'fa fa-futbol-o fa-fw', '2', '0', null, null, null, null);
INSERT INTO `sys_menu` VALUES ('1bce5006250746d9ba069b11aa3bd411', 'c53a6985d41249bd9967e5a8b7cf2273', '链路监控', '', '', '1', 'fa fa-gavel fa-fw', '3', '0', null, null, null, null);
INSERT INTO `sys_menu` VALUES ('5ddc684592344713b547e0cd74e36513', '0', 'CMS管理', '', '', '0', 'fa fa-newspaper-o', '3', '0', null, null, null, null);

-- ----------------------------
-- Table structure for `sys_role`
-- ----------------------------
DROP TABLE IF EXISTS `sys_role`;
CREATE TABLE `sys_role` (
  `id` varchar(128) NOT NULL,
  `role_name` varchar(100) DEFAULT NULL COMMENT '角色名称',
  `role_sign` varchar(100) DEFAULT NULL COMMENT '角色标识',
  `remark` varchar(100) DEFAULT NULL COMMENT '备注',
  `del_flag` tinyint(4) DEFAULT NULL COMMENT '是否删除  1：已删除  0：正常',
  `create_time` datetime DEFAULT NULL COMMENT '创建日期',
  `create_by` varchar(128) DEFAULT NULL COMMENT '创建者id',
  `modified_time` datetime DEFAULT NULL COMMENT '修改日期',
  `modified_by` varchar(128) DEFAULT NULL COMMENT '修改者id'
) ENGINE=InnoDB DEFAULT CHARSET=utf8 COMMENT='角色';

-- ----------------------------
-- Records of sys_role
-- ----------------------------
INSERT INTO `sys_role` VALUES ('1', '超级管理员', 'admin_super', '超级管理员', '0', '2017-08-12 00:43:52', '', '2017-08-12 19:14:59', '');
INSERT INTO `sys_role` VALUES ('2', '管理员', 'admin_admin', '管理员', '0', '2017-08-12 00:43:52', '', '2017-08-12 19:14:59', '');
INSERT INTO `sys_role` VALUES ('3711816619ef48c396556a0660cf004e', 'cms管理员', 'admin_cms', 'cms管理员', '0', null, null, null, null);
INSERT INTO `sys_role` VALUES ('0a21830386dc4a60a7019d39c5551878', '监控管理员', 'admin_monitor', '监控管理员', '0', null, null, null, null);

-- ----------------------------
-- Table structure for `sys_role_menu`
-- ----------------------------
DROP TABLE IF EXISTS `sys_role_menu`;
CREATE TABLE `sys_role_menu` (
  `id` varchar(128) NOT NULL,
  `role_id` varchar(128) DEFAULT NULL COMMENT '角色ID',
  `menu_id` varchar(128) DEFAULT NULL COMMENT '菜单ID'
) ENGINE=InnoDB DEFAULT CHARSET=utf8 COMMENT='角色与菜单对应关系';

-- ----------------------------
-- Records of sys_role_menu
-- ----------------------------
INSERT INTO `sys_role_menu` VALUES ('1', '1', '1');
INSERT INTO `sys_role_menu` VALUES ('2', '1', '2');
INSERT INTO `sys_role_menu` VALUES ('3', '1', '3');
INSERT INTO `sys_role_menu` VALUES ('4', '1', '4');
INSERT INTO `sys_role_menu` VALUES ('5', '1', '5');
INSERT INTO `sys_role_menu` VALUES ('6', '1', '6');
INSERT INTO `sys_role_menu` VALUES ('7', '1', '7');
INSERT INTO `sys_role_menu` VALUES ('8', '1', '8');
INSERT INTO `sys_role_menu` VALUES ('9', '1', '9');
INSERT INTO `sys_role_menu` VALUES ('10', '1', '10');
INSERT INTO `sys_role_menu` VALUES ('11', '1', '11');
INSERT INTO `sys_role_menu` VALUES ('12', '1', '12');
INSERT INTO `sys_role_menu` VALUES ('13', '1', '13');
INSERT INTO `sys_role_menu` VALUES ('14', '1', '14');
INSERT INTO `sys_role_menu` VALUES ('15', '1', '15');
INSERT INTO `sys_role_menu` VALUES ('16', '1', '16');
INSERT INTO `sys_role_menu` VALUES ('17', '1', '17');
INSERT INTO `sys_role_menu` VALUES ('18', '1', '18');
INSERT INTO `sys_role_menu` VALUES ('19', '1', '19');
INSERT INTO `sys_role_menu` VALUES ('20', '1', '20');
INSERT INTO `sys_role_menu` VALUES ('21', '1', '21');
INSERT INTO `sys_role_menu` VALUES ('22', '1', '22');
INSERT INTO `sys_role_menu` VALUES ('23', '2', '1');
INSERT INTO `sys_role_menu` VALUES ('24', '2', '22');
INSERT INTO `sys_role_menu` VALUES ('25', '2', '21');
INSERT INTO `sys_role_menu` VALUES ('26', '2', '20');
INSERT INTO `sys_role_menu` VALUES ('27', '2', '18');
INSERT INTO `sys_role_menu` VALUES ('28', '2', '17');
INSERT INTO `sys_role_menu` VALUES ('29', '2', '16');
INSERT INTO `sys_role_menu` VALUES ('30', '2', '15');
INSERT INTO `sys_role_menu` VALUES ('31', '2', '13');
INSERT INTO `sys_role_menu` VALUES ('32', '2', '12');
INSERT INTO `sys_role_menu` VALUES ('33', '2', '11');
INSERT INTO `sys_role_menu` VALUES ('34', '2', '10');
INSERT INTO `sys_role_menu` VALUES ('35', '2', '9');
INSERT INTO `sys_role_menu` VALUES ('36', '2', '8');
INSERT INTO `sys_role_menu` VALUES ('37', '2', '6');
INSERT INTO `sys_role_menu` VALUES ('38', '2', '5');
INSERT INTO `sys_role_menu` VALUES ('39', '2', '4');
INSERT INTO `sys_role_menu` VALUES ('40', '2', '3');
INSERT INTO `sys_role_menu` VALUES ('41', '2', '19');
INSERT INTO `sys_role_menu` VALUES ('42', '2', '14');
INSERT INTO `sys_role_menu` VALUES ('43', '2', '7');
INSERT INTO `sys_role_menu` VALUES ('44', '2', '2');
INSERT INTO `sys_role_menu` VALUES ('0560aa7b75b24f87bb680085c3fb5a0a', '0a21830386dc4a60a7019d39c5551878', '39bdf145cf1e4fddb79b65a9213e7975');
INSERT INTO `sys_role_menu` VALUES ('52f9dcb539d4464786aeff673970678a', '0a21830386dc4a60a7019d39c5551878', 'c53a6985d41249bd9967e5a8b7cf2273');
INSERT INTO `sys_role_menu` VALUES ('70e8371043b44603bdeca4610e681415', '3711816619ef48c396556a0660cf004e', '39bdf145cf1e4fddb79b65a9213e7975');
INSERT INTO `sys_role_menu` VALUES ('f07c2eaec2df4b5fa5f8a1ff4b67caf1', '3711816619ef48c396556a0660cf004e', 'ea7a48e053b8487ab9a6750ae1a11c43');
INSERT INTO `sys_role_menu` VALUES ('86eafaf39ab3446984fa71e431a4bb52', '3711816619ef48c396556a0660cf004e', 'c53a6985d41249bd9967e5a8b7cf2273');

-- ----------------------------
-- Table structure for `sys_user`
-- ----------------------------
DROP TABLE IF EXISTS `sys_user`;
CREATE TABLE `sys_user` (
  `id` varchar(128) NOT NULL,
  `username` varchar(50) DEFAULT NULL COMMENT '用户名',
  `name` varchar(100) DEFAULT NULL,
  `password` varchar(128) DEFAULT NULL COMMENT '密码',
  `dept_id` varchar(128) DEFAULT NULL,
  `email` varchar(100) DEFAULT NULL COMMENT '邮箱',
  `mobile` varchar(100) DEFAULT NULL COMMENT '手机号',
  `status` tinyint(255) DEFAULT NULL COMMENT '状态 1:禁用，0:正常',
  `user_id_create` varchar(128) DEFAULT NULL COMMENT '创建用户id',
  `sex` bigint(32) DEFAULT NULL COMMENT '性别',
  `birth` datetime DEFAULT NULL COMMENT '出身日期',
  `pic_id` varchar(128) DEFAULT NULL,
  `live_address` varchar(500) DEFAULT NULL COMMENT '现居住地',
  `hobby` varchar(255) DEFAULT NULL COMMENT '爱好',
  `province` varchar(255) DEFAULT NULL COMMENT '省份',
  `city` varchar(255) DEFAULT NULL COMMENT '所在城市',
  `district` varchar(255) DEFAULT NULL COMMENT '所在地区',
  `del_flag` tinyint(4) DEFAULT NULL COMMENT '是否删除  1：已删除  0：正常',
  `create_time` datetime DEFAULT NULL COMMENT '创建日期',
  `create_by` varchar(128) DEFAULT NULL COMMENT '创建者id',
  `modified_time` datetime DEFAULT NULL COMMENT '修改日期',
  `modified_by` varchar(128) DEFAULT NULL COMMENT '修改者id'
) ENGINE=InnoDB DEFAULT CHARSET=utf8;

-- ----------------------------
-- Records of sys_user
-- ----------------------------
INSERT INTO `sys_user` VALUES ('1', 'superadmin', '超级管理员', null, '1', 'superadmin@example.com', null, '0', '1', null, null, null, null, null, null, null, null, '0', null, null, null, null);
INSERT INTO `sys_user` VALUES ('2', 'admin', '管理员', '880204', '1', 'admin@example.com', '18738102014', '0', '1', null, null, null, null, null, null, null, null, '0', '2017-08-15 21:40:39', '', '2017-08-15 21:40:39', '');
INSERT INTO `sys_user` VALUES ('bc61b010ab234060a0311de11d124717', 'magupe', '马广朋', '880204', '2', 'magupe@citic.com', '18738102014', '0', null, null, null, null, null, null, null, null, null, '0', null, null, null, null);
INSERT INTO `sys_user` VALUES ('a9fdb29707ac4bcbb8996a7f1cae6a2f', 'wuhao', '吴豪', '880204', '3', 'wuhao@citic.com', null, '0', null, null, null, null, null, null, null, null, null, '0', null, null, null, null);
INSERT INTO `sys_user` VALUES ('a36e0821b225465180d9633ef60d6a96', 'guopeng', '郭鹏', '880204', '4', 'guopeng@citic.com', null, '0', null, null, null, null, null, null, null, null, null, '0', null, null, null, null);

-- ----------------------------
-- Table structure for `sys_user_role`
-- ----------------------------
DROP TABLE IF EXISTS `sys_user_role`;
CREATE TABLE `sys_user_role` (
  `id` varchar(128) NOT NULL,
  `user_id` varchar(128) DEFAULT NULL COMMENT '用户ID',
  `role_id` varchar(128) DEFAULT NULL COMMENT '角色ID'
) ENGINE=InnoDB DEFAULT CHARSET=utf8 COMMENT='用户与角色对应关系';

-- ----------------------------
-- Records of sys_user_role
-- ----------------------------
INSERT INTO `sys_user_role` VALUES ('3', '2', '1');
INSERT INTO `sys_user_role` VALUES ('4', '2', '2');
INSERT INTO `sys_user_role` VALUES ('0f9d18237fe341bda51121b098281867', 'bc61b010ab234060a0311de11d124717', '');
INSERT INTO `sys_user_role` VALUES ('9080413a3d254f8488a91dc50c35c15b', 'bc61b010ab234060a0311de11d124717', '2');
INSERT INTO `sys_user_role` VALUES ('de1c0a2af2b244cbae345d9983eada05', 'a9fdb29707ac4bcbb8996a7f1cae6a2f', '');
INSERT INTO `sys_user_role` VALUES ('70fcc66ea13f4563a3c000513f567ebf', 'a9fdb29707ac4bcbb8996a7f1cae6a2f', '2');
INSERT INTO `sys_user_role` VALUES ('d9de6937df244b06b614f653e4f1ed7e', 'a36e0821b225465180d9633ef60d6a96', '');
INSERT INTO `sys_user_role` VALUES ('38bbe34e7eac4d7ab037fc3b2516b528', 'a36e0821b225465180d9633ef60d6a96', '2');
INSERT INTO `sys_user_role` VALUES ('45111e726d87400dba0d8d4b42d7a67f', '1', '');
INSERT INTO `sys_user_role` VALUES ('f59030b3bcba4daaa3bf514efd7bb277', '1', '1');
INSERT INTO `sys_user_role` VALUES ('d64448c638fb4fd590a25562243dcc67', '1', '2');
